id;user_id;path;status_id
1;1f7cf9ad-b0e9-4a4a-bb95-b2595702f0b2;granular open-source;18171
2;01e4a851-73c2-4d33-afae-091c03cce0b0;transmitter Shoes Planner;76802
3;765b08a5-7717-4eb2-a819-635fe31b5566;scale card salmon;8153
4;27b39ca7-8148-43cc-ad4b-bf83dc4d1dde;azure compress;37450
5;a16be8a0-4b30-4752-9ebd-1ec192529172;groupware yellow;76621
6;e4b1ada4-fa4d-466c-abc1-1509d2481a0a;override Generic;61833
7;2d9dc386-c26f-4ba8-801d-a468a1f69e6f;GB;11803
8;023aa8a2-d974-4b0e-acc4-16375a58cd6b;copying;80333
9;deb72ab6-ee1c-4a18-9d31-22fdce61185d;Terrace;44235
10;79f9f549-7904-4d21-b80f-f701e9fa7fdc;Investor Secured GB;17518
