id;code;name;surname;formatted_name;user_name;status_id
1;81944;Customizable mint green;Rwanda;withdrawal 6th generation Fantastic;Shirt;25773
2;63646;Gateway port;reboot markets;Developer;Keyboard;64075
3;14215;Mongolia;service-desk;Tuna;payment Future Cotton;19088
4;86265;Games olive scalable;interface Hungary users;cultivate;payment;95042
5;11548;Generic Roads;dynamic Steel Fish;drive;zero defect;89939
6;7699;Planner;regional Handcrafted Concrete Cheese;redundant THX global;Intranet redundant;63771
7;14935;Engineer Lempira;compress Ramp Portugal;Republic of Korea Money Market Account;Facilitator Small;48658
8;61953;pricing structure e-business;New Mexico;GB Credit Card Account;Rustic indigo payment;61761
9;80456;Unbranded;implement;Pennsylvania Indonesia Secured;Manager Utah;20499
10;64931;clicks-and-mortar;Cambridgeshire Home;Unbranded Frozen Sausages;invoice Wall navigating;29878
